x_min,x_max,y_min,y_max
-74.21466876999993,-74.02219373066403,4.524321440000045,4.755478980000053
